<annotation>
	<folder></folder>
	<filename>00000107_jpg.rf.9266ae7dbfb9fc6231b9a7a8d059437a.jpg</filename>
	<path>00000107_jpg.rf.9266ae7dbfb9fc6231b9a7a8d059437a.jpg</path>
	<source>
		<database>roboflow.ai</database>
	</source>
	<size>
		<width>160</width>
		<height>160</height>
		<depth>3</depth>
	</size>
	<segmented>0</segmented>
	<object>
		<name>Komedo</name>
		<pose>Unspecified</pose>
		<truncated>0</truncated>
		<difficult>0</difficult>
		<occluded>0</occluded>
		<bndbox>
			<xmin>20</xmin>
			<xmax>28</xmax>
			<ymin>66</ymin>
			<ymax>82</ymax>
		</bndbox>
	</object>
</annotation>
