<annotation>
	<folder></folder>
	<filename>00000037_jpg.rf.c45aabf5e9ef56ad44a893017c1d430d.jpg</filename>
	<path>00000037_jpg.rf.c45aabf5e9ef56ad44a893017c1d430d.jpg</path>
	<source>
		<database>roboflow.ai</database>
	</source>
	<size>
		<width>160</width>
		<height>160</height>
		<depth>3</depth>
	</size>
	<segmented>0</segmented>
	<object>
		<name>Komedo</name>
		<pose>Unspecified</pose>
		<truncated>0</truncated>
		<difficult>0</difficult>
		<occluded>0</occluded>
		<bndbox>
			<xmin>136</xmin>
			<xmax>153</xmax>
			<ymin>118</ymin>
			<ymax>139</ymax>
		</bndbox>
	</object>
</annotation>
