<annotation>
	<folder></folder>
	<filename>00000011_jpg.rf.d0a6709286feb0dcd3899a99038fc2a6.jpg</filename>
	<path>00000011_jpg.rf.d0a6709286feb0dcd3899a99038fc2a6.jpg</path>
	<source>
		<database>roboflow.ai</database>
	</source>
	<size>
		<width>160</width>
		<height>160</height>
		<depth>3</depth>
	</size>
	<segmented>0</segmented>
	<object>
		<name>Komedo</name>
		<pose>Unspecified</pose>
		<truncated>0</truncated>
		<difficult>0</difficult>
		<occluded>0</occluded>
		<bndbox>
			<xmin>84</xmin>
			<xmax>110</xmax>
			<ymin>7</ymin>
			<ymax>21</ymax>
		</bndbox>
	</object>
</annotation>
