<annotation>
	<folder></folder>
	<filename>00000348_jpg.rf.19d299f8dd5cdfc5b461e98c5b0f1027.jpg</filename>
	<path>00000348_jpg.rf.19d299f8dd5cdfc5b461e98c5b0f1027.jpg</path>
	<source>
		<database>roboflow.ai</database>
	</source>
	<size>
		<width>160</width>
		<height>160</height>
		<depth>3</depth>
	</size>
	<segmented>0</segmented>
	<object>
		<name>Komedo</name>
		<pose>Unspecified</pose>
		<truncated>0</truncated>
		<difficult>0</difficult>
		<occluded>0</occluded>
		<bndbox>
			<xmin>68</xmin>
			<xmax>149</xmax>
			<ymin>50</ymin>
			<ymax>117</ymax>
		</bndbox>
	</object>
	<object>
		<name>Komedo</name>
		<pose>Unspecified</pose>
		<truncated>0</truncated>
		<difficult>0</difficult>
		<occluded>0</occluded>
		<bndbox>
			<xmin>9</xmin>
			<xmax>115</xmax>
			<ymin>120</ymin>
			<ymax>156</ymax>
		</bndbox>
	</object>
</annotation>
