<annotation>
	<folder></folder>
	<filename>00000154_jpg.rf.68886b274c4c4ef138c517d90dbbe8f4.jpg</filename>
	<path>00000154_jpg.rf.68886b274c4c4ef138c517d90dbbe8f4.jpg</path>
	<source>
		<database>roboflow.ai</database>
	</source>
	<size>
		<width>160</width>
		<height>160</height>
		<depth>3</depth>
	</size>
	<segmented>0</segmented>
	<object>
		<name>Komedo</name>
		<pose>Unspecified</pose>
		<truncated>0</truncated>
		<difficult>0</difficult>
		<occluded>0</occluded>
		<bndbox>
			<xmin>46</xmin>
			<xmax>115</xmax>
			<ymin>141</ymin>
			<ymax>160</ymax>
		</bndbox>
	</object>
	<object>
		<name>Komedo</name>
		<pose>Unspecified</pose>
		<truncated>0</truncated>
		<difficult>0</difficult>
		<occluded>0</occluded>
		<bndbox>
			<xmin>1</xmin>
			<xmax>160</xmax>
			<ymin>12</ymin>
			<ymax>142</ymax>
		</bndbox>
	</object>
</annotation>
