<annotation>
	<folder></folder>
	<filename>00000146_jpg.rf.5b4b2a92164ef3872cf6bd6a04bc9a23.jpg</filename>
	<path>00000146_jpg.rf.5b4b2a92164ef3872cf6bd6a04bc9a23.jpg</path>
	<source>
		<database>roboflow.ai</database>
	</source>
	<size>
		<width>160</width>
		<height>160</height>
		<depth>3</depth>
	</size>
	<segmented>0</segmented>
	<object>
		<name>Komedo</name>
		<pose>Unspecified</pose>
		<truncated>0</truncated>
		<difficult>0</difficult>
		<occluded>0</occluded>
		<bndbox>
			<xmin>2</xmin>
			<xmax>128</xmax>
			<ymin>5</ymin>
			<ymax>160</ymax>
		</bndbox>
	</object>
</annotation>
