<annotation>
	<folder></folder>
	<filename>00000007_jpg.rf.a684ac154ec1ddb15f9c24d0832820e4.jpg</filename>
	<path>00000007_jpg.rf.a684ac154ec1ddb15f9c24d0832820e4.jpg</path>
	<source>
		<database>roboflow.ai</database>
	</source>
	<size>
		<width>160</width>
		<height>160</height>
		<depth>3</depth>
	</size>
	<segmented>0</segmented>
	<object>
		<name>Komedo</name>
		<pose>Unspecified</pose>
		<truncated>0</truncated>
		<difficult>0</difficult>
		<occluded>0</occluded>
		<bndbox>
			<xmin>33</xmin>
			<xmax>59</xmax>
			<ymin>77</ymin>
			<ymax>94</ymax>
		</bndbox>
	</object>
</annotation>
