<annotation>
	<folder></folder>
	<filename>00000219_jpg.rf.a6204676b82a1a1b81e62783e015f223.jpg</filename>
	<path>00000219_jpg.rf.a6204676b82a1a1b81e62783e015f223.jpg</path>
	<source>
		<database>roboflow.ai</database>
	</source>
	<size>
		<width>160</width>
		<height>160</height>
		<depth>3</depth>
	</size>
	<segmented>0</segmented>
	<object>
		<name>Jerawat</name>
		<pose>Unspecified</pose>
		<truncated>0</truncated>
		<difficult>0</difficult>
		<occluded>0</occluded>
		<bndbox>
			<xmin>136</xmin>
			<xmax>148</xmax>
			<ymin>67</ymin>
			<ymax>75</ymax>
		</bndbox>
	</object>
	<object>
		<name>Komedo</name>
		<pose>Unspecified</pose>
		<truncated>0</truncated>
		<difficult>0</difficult>
		<occluded>0</occluded>
		<bndbox>
			<xmin>120</xmin>
			<xmax>145</xmax>
			<ymin>2</ymin>
			<ymax>6</ymax>
		</bndbox>
	</object>
	<object>
		<name>Komedo</name>
		<pose>Unspecified</pose>
		<truncated>0</truncated>
		<difficult>0</difficult>
		<occluded>0</occluded>
		<bndbox>
			<xmin>129</xmin>
			<xmax>136</xmax>
			<ymin>67</ymin>
			<ymax>72</ymax>
		</bndbox>
	</object>
	<object>
		<name>Jerawat</name>
		<pose>Unspecified</pose>
		<truncated>0</truncated>
		<difficult>0</difficult>
		<occluded>0</occluded>
		<bndbox>
			<xmin>102</xmin>
			<xmax>116</xmax>
			<ymin>76</ymin>
			<ymax>84</ymax>
		</bndbox>
	</object>
	<object>
		<name>Jerawat</name>
		<pose>Unspecified</pose>
		<truncated>0</truncated>
		<difficult>0</difficult>
		<occluded>0</occluded>
		<bndbox>
			<xmin>86</xmin>
			<xmax>117</xmax>
			<ymin>21</ymin>
			<ymax>33</ymax>
		</bndbox>
	</object>
	<object>
		<name>Jerawat</name>
		<pose>Unspecified</pose>
		<truncated>0</truncated>
		<difficult>0</difficult>
		<occluded>0</occluded>
		<bndbox>
			<xmin>80</xmin>
			<xmax>96</xmax>
			<ymin>78</ymin>
			<ymax>86</ymax>
		</bndbox>
	</object>
	<object>
		<name>Jerawat</name>
		<pose>Unspecified</pose>
		<truncated>0</truncated>
		<difficult>0</difficult>
		<occluded>0</occluded>
		<bndbox>
			<xmin>43</xmin>
			<xmax>61</xmax>
			<ymin>81</ymin>
			<ymax>89</ymax>
		</bndbox>
	</object>
	<object>
		<name>Komedo</name>
		<pose>Unspecified</pose>
		<truncated>0</truncated>
		<difficult>0</difficult>
		<occluded>0</occluded>
		<bndbox>
			<xmin>147</xmin>
			<xmax>159</xmax>
			<ymin>55</ymin>
			<ymax>64</ymax>
		</bndbox>
	</object>
</annotation>
