<annotation>
	<folder></folder>
	<filename>1652114288894-2---Fadli-Fadillah-M2128F1581-1-_jpg.rf.5a19685c8e99d07c37db1643ba0479be.jpg</filename>
	<path>1652114288894-2---Fadli-Fadillah-M2128F1581-1-_jpg.rf.5a19685c8e99d07c37db1643ba0479be.jpg</path>
	<source>
		<database>roboflow.ai</database>
	</source>
	<size>
		<width>160</width>
		<height>160</height>
		<depth>3</depth>
	</size>
	<segmented>0</segmented>
	<object>
		<name>Jerawat</name>
		<pose>Unspecified</pose>
		<truncated>0</truncated>
		<difficult>0</difficult>
		<occluded>0</occluded>
		<bndbox>
			<xmin>1</xmin>
			<xmax>134</xmax>
			<ymin>2</ymin>
			<ymax>84</ymax>
		</bndbox>
	</object>
</annotation>
