<annotation>
	<folder></folder>
	<filename>1652116127358---Izzah-Edwar_jpg.rf.9a326cce08d1ab85d30a21caa6683a68.jpg</filename>
	<path>1652116127358---Izzah-Edwar_jpg.rf.9a326cce08d1ab85d30a21caa6683a68.jpg</path>
	<source>
		<database>roboflow.ai</database>
	</source>
	<size>
		<width>160</width>
		<height>160</height>
		<depth>3</depth>
	</size>
	<segmented>0</segmented>
	<object>
		<name>Komedo</name>
		<pose>Unspecified</pose>
		<truncated>0</truncated>
		<difficult>0</difficult>
		<occluded>0</occluded>
		<bndbox>
			<xmin>2</xmin>
			<xmax>45</xmax>
			<ymin>149</ymin>
			<ymax>160</ymax>
		</bndbox>
	</object>
	<object>
		<name>Jerawat</name>
		<pose>Unspecified</pose>
		<truncated>0</truncated>
		<difficult>0</difficult>
		<occluded>0</occluded>
		<bndbox>
			<xmin>79</xmin>
			<xmax>105</xmax>
			<ymin>95</ymin>
			<ymax>137</ymax>
		</bndbox>
	</object>
	<object>
		<name>Komedo</name>
		<pose>Unspecified</pose>
		<truncated>0</truncated>
		<difficult>0</difficult>
		<occluded>0</occluded>
		<bndbox>
			<xmin>59</xmin>
			<xmax>78</xmax>
			<ymin>97</ymin>
			<ymax>119</ymax>
		</bndbox>
	</object>
</annotation>
