<annotation>
	<folder></folder>
	<filename>acne-closed-comedo-19_jpg.rf.8a7f1ba5c022fc4fb56a6de69d0ab537.jpg</filename>
	<path>acne-closed-comedo-19_jpg.rf.8a7f1ba5c022fc4fb56a6de69d0ab537.jpg</path>
	<source>
		<database>roboflow.ai</database>
	</source>
	<size>
		<width>160</width>
		<height>160</height>
		<depth>3</depth>
	</size>
	<segmented>0</segmented>
	<object>
		<name>Jerawat</name>
		<pose>Unspecified</pose>
		<truncated>0</truncated>
		<difficult>0</difficult>
		<occluded>0</occluded>
		<bndbox>
			<xmin>50</xmin>
			<xmax>112</xmax>
			<ymin>2</ymin>
			<ymax>50</ymax>
		</bndbox>
	</object>
</annotation>
