<annotation>
	<folder></folder>
	<filename>acne-closed-comedo-38_jpg.rf.549a93787fd6a93a2ac43e99dbdebddf.jpg</filename>
	<path>acne-closed-comedo-38_jpg.rf.549a93787fd6a93a2ac43e99dbdebddf.jpg</path>
	<source>
		<database>roboflow.ai</database>
	</source>
	<size>
		<width>160</width>
		<height>160</height>
		<depth>3</depth>
	</size>
	<segmented>0</segmented>
	<object>
		<name>Komedo</name>
		<pose>Unspecified</pose>
		<truncated>0</truncated>
		<difficult>0</difficult>
		<occluded>0</occluded>
		<bndbox>
			<xmin>43</xmin>
			<xmax>91</xmax>
			<ymin>90</ymin>
			<ymax>132</ymax>
		</bndbox>
	</object>
	<object>
		<name>Komedo</name>
		<pose>Unspecified</pose>
		<truncated>0</truncated>
		<difficult>0</difficult>
		<occluded>0</occluded>
		<bndbox>
			<xmin>75</xmin>
			<xmax>160</xmax>
			<ymin>1</ymin>
			<ymax>50</ymax>
		</bndbox>
	</object>
</annotation>
