<annotation>
	<folder></folder>
	<filename>acne-cystic-17_jpg.rf.2295ca904dd8f21aee354497b6f56614.jpg</filename>
	<path>acne-cystic-17_jpg.rf.2295ca904dd8f21aee354497b6f56614.jpg</path>
	<source>
		<database>roboflow.ai</database>
	</source>
	<size>
		<width>160</width>
		<height>160</height>
		<depth>3</depth>
	</size>
	<segmented>0</segmented>
	<object>
		<name>Jerawat</name>
		<pose>Unspecified</pose>
		<truncated>0</truncated>
		<difficult>0</difficult>
		<occluded>0</occluded>
		<bndbox>
			<xmin>2</xmin>
			<xmax>40</xmax>
			<ymin>100</ymin>
			<ymax>159</ymax>
		</bndbox>
	</object>
	<object>
		<name>Jerawat</name>
		<pose>Unspecified</pose>
		<truncated>0</truncated>
		<difficult>0</difficult>
		<occluded>0</occluded>
		<bndbox>
			<xmin>43</xmin>
			<xmax>68</xmax>
			<ymin>51</ymin>
			<ymax>72</ymax>
		</bndbox>
	</object>
	<object>
		<name>Jerawat</name>
		<pose>Unspecified</pose>
		<truncated>0</truncated>
		<difficult>0</difficult>
		<occluded>0</occluded>
		<bndbox>
			<xmin>29</xmin>
			<xmax>52</xmax>
			<ymin>2</ymin>
			<ymax>31</ymax>
		</bndbox>
	</object>
	<object>
		<name>Jerawat</name>
		<pose>Unspecified</pose>
		<truncated>0</truncated>
		<difficult>0</difficult>
		<occluded>0</occluded>
		<bndbox>
			<xmin>107</xmin>
			<xmax>160</xmax>
			<ymin>2</ymin>
			<ymax>51</ymax>
		</bndbox>
	</object>
</annotation>
