<annotation>
	<folder></folder>
	<filename>acne-cystic-122_jpg.rf.02eb9359ed106685bc812f68fb5ea91e.jpg</filename>
	<path>acne-cystic-122_jpg.rf.02eb9359ed106685bc812f68fb5ea91e.jpg</path>
	<source>
		<database>roboflow.ai</database>
	</source>
	<size>
		<width>160</width>
		<height>160</height>
		<depth>3</depth>
	</size>
	<segmented>0</segmented>
	<object>
		<name>Jerawat</name>
		<pose>Unspecified</pose>
		<truncated>0</truncated>
		<difficult>0</difficult>
		<occluded>0</occluded>
		<bndbox>
			<xmin>24</xmin>
			<xmax>45</xmax>
			<ymin>128</ymin>
			<ymax>160</ymax>
		</bndbox>
	</object>
	<object>
		<name>Jerawat</name>
		<pose>Unspecified</pose>
		<truncated>0</truncated>
		<difficult>0</difficult>
		<occluded>0</occluded>
		<bndbox>
			<xmin>53</xmin>
			<xmax>160</xmax>
			<ymin>82</ymin>
			<ymax>161</ymax>
		</bndbox>
	</object>
	<object>
		<name>Jerawat</name>
		<pose>Unspecified</pose>
		<truncated>0</truncated>
		<difficult>0</difficult>
		<occluded>0</occluded>
		<bndbox>
			<xmin>1</xmin>
			<xmax>11</xmax>
			<ymin>31</ymin>
			<ymax>92</ymax>
		</bndbox>
	</object>
</annotation>
