<annotation>
	<folder></folder>
	<filename>acne-closed-comedo-20_jpg.rf.4a9daf4ac50d22bd33ecd57b7e70b457.jpg</filename>
	<path>acne-closed-comedo-20_jpg.rf.4a9daf4ac50d22bd33ecd57b7e70b457.jpg</path>
	<source>
		<database>roboflow.ai</database>
	</source>
	<size>
		<width>160</width>
		<height>160</height>
		<depth>3</depth>
	</size>
	<segmented>0</segmented>
	<object>
		<name>Komedo</name>
		<pose>Unspecified</pose>
		<truncated>0</truncated>
		<difficult>0</difficult>
		<occluded>0</occluded>
		<bndbox>
			<xmin>117</xmin>
			<xmax>138</xmax>
			<ymin>98</ymin>
			<ymax>151</ymax>
		</bndbox>
	</object>
	<object>
		<name>Jerawat</name>
		<pose>Unspecified</pose>
		<truncated>0</truncated>
		<difficult>0</difficult>
		<occluded>0</occluded>
		<bndbox>
			<xmin>11</xmin>
			<xmax>30</xmax>
			<ymin>34</ymin>
			<ymax>60</ymax>
		</bndbox>
	</object>
	<object>
		<name>Jerawat</name>
		<pose>Unspecified</pose>
		<truncated>0</truncated>
		<difficult>0</difficult>
		<occluded>0</occluded>
		<bndbox>
			<xmin>140</xmin>
			<xmax>156</xmax>
			<ymin>34</ymin>
			<ymax>60</ymax>
		</bndbox>
	</object>
</annotation>
