<annotation>
	<folder></folder>
	<filename>acne-cystic-39_jpg.rf.a4f1fbaad2ba66ae8cbc374ec331453d.jpg</filename>
	<path>acne-cystic-39_jpg.rf.a4f1fbaad2ba66ae8cbc374ec331453d.jpg</path>
	<source>
		<database>roboflow.ai</database>
	</source>
	<size>
		<width>160</width>
		<height>160</height>
		<depth>3</depth>
	</size>
	<segmented>0</segmented>
	<object>
		<name>Jerawat</name>
		<pose>Unspecified</pose>
		<truncated>0</truncated>
		<difficult>0</difficult>
		<occluded>0</occluded>
		<bndbox>
			<xmin>23</xmin>
			<xmax>98</xmax>
			<ymin>1</ymin>
			<ymax>47</ymax>
		</bndbox>
	</object>
	<object>
		<name>Jerawat</name>
		<pose>Unspecified</pose>
		<truncated>0</truncated>
		<difficult>0</difficult>
		<occluded>0</occluded>
		<bndbox>
			<xmin>152</xmin>
			<xmax>160</xmax>
			<ymin>64</ymin>
			<ymax>104</ymax>
		</bndbox>
	</object>
	<object>
		<name>Komedo</name>
		<pose>Unspecified</pose>
		<truncated>0</truncated>
		<difficult>0</difficult>
		<occluded>0</occluded>
		<bndbox>
			<xmin>110</xmin>
			<xmax>120</xmax>
			<ymin>117</ymin>
			<ymax>151</ymax>
		</bndbox>
	</object>
	<object>
		<name>Komedo</name>
		<pose>Unspecified</pose>
		<truncated>0</truncated>
		<difficult>0</difficult>
		<occluded>0</occluded>
		<bndbox>
			<xmin>78</xmin>
			<xmax>98</xmax>
			<ymin>143</ymin>
			<ymax>161</ymax>
		</bndbox>
	</object>
</annotation>
