<annotation>
	<folder></folder>
	<filename>acne-cystic-86_jpg.rf.758ebd508d5639d359cc09226374ac99.jpg</filename>
	<path>acne-cystic-86_jpg.rf.758ebd508d5639d359cc09226374ac99.jpg</path>
	<source>
		<database>roboflow.ai</database>
	</source>
	<size>
		<width>160</width>
		<height>160</height>
		<depth>3</depth>
	</size>
	<segmented>0</segmented>
	<object>
		<name>Jerawat</name>
		<pose>Unspecified</pose>
		<truncated>0</truncated>
		<difficult>0</difficult>
		<occluded>0</occluded>
		<bndbox>
			<xmin>54</xmin>
			<xmax>100</xmax>
			<ymin>39</ymin>
			<ymax>77</ymax>
		</bndbox>
	</object>
	<object>
		<name>Jerawat</name>
		<pose>Unspecified</pose>
		<truncated>0</truncated>
		<difficult>0</difficult>
		<occluded>0</occluded>
		<bndbox>
			<xmin>24</xmin>
			<xmax>59</xmax>
			<ymin>60</ymin>
			<ymax>130</ymax>
		</bndbox>
	</object>
</annotation>
