<annotation>
	<folder></folder>
	<filename>acne-cystic-126_jpg.rf.14a5d456682479445e231f2f1afa336b.jpg</filename>
	<path>acne-cystic-126_jpg.rf.14a5d456682479445e231f2f1afa336b.jpg</path>
	<source>
		<database>roboflow.ai</database>
	</source>
	<size>
		<width>160</width>
		<height>160</height>
		<depth>3</depth>
	</size>
	<segmented>0</segmented>
	<object>
		<name>Jerawat</name>
		<pose>Unspecified</pose>
		<truncated>0</truncated>
		<difficult>0</difficult>
		<occluded>0</occluded>
		<bndbox>
			<xmin>5</xmin>
			<xmax>51</xmax>
			<ymin>57</ymin>
			<ymax>81</ymax>
		</bndbox>
	</object>
	<object>
		<name>Jerawat</name>
		<pose>Unspecified</pose>
		<truncated>0</truncated>
		<difficult>0</difficult>
		<occluded>0</occluded>
		<bndbox>
			<xmin>120</xmin>
			<xmax>161</xmax>
			<ymin>46</ymin>
			<ymax>100</ymax>
		</bndbox>
	</object>
	<object>
		<name>Jerawat</name>
		<pose>Unspecified</pose>
		<truncated>0</truncated>
		<difficult>0</difficult>
		<occluded>0</occluded>
		<bndbox>
			<xmin>127</xmin>
			<xmax>160</xmax>
			<ymin>16</ymin>
			<ymax>42</ymax>
		</bndbox>
	</object>
</annotation>
