<annotation>
	<folder></folder>
	<filename>acne-excoriated-11_jpg.rf.0e3001b651910fc3b90d6034f0c3870c.jpg</filename>
	<path>acne-excoriated-11_jpg.rf.0e3001b651910fc3b90d6034f0c3870c.jpg</path>
	<source>
		<database>roboflow.ai</database>
	</source>
	<size>
		<width>160</width>
		<height>160</height>
		<depth>3</depth>
	</size>
	<segmented>0</segmented>
	<object>
		<name>Jerawat</name>
		<pose>Unspecified</pose>
		<truncated>0</truncated>
		<difficult>0</difficult>
		<occluded>0</occluded>
		<bndbox>
			<xmin>2</xmin>
			<xmax>76</xmax>
			<ymin>49</ymin>
			<ymax>161</ymax>
		</bndbox>
	</object>
	<object>
		<name>Jerawat</name>
		<pose>Unspecified</pose>
		<truncated>0</truncated>
		<difficult>0</difficult>
		<occluded>0</occluded>
		<bndbox>
			<xmin>2</xmin>
			<xmax>39</xmax>
			<ymin>2</ymin>
			<ymax>56</ymax>
		</bndbox>
	</object>
</annotation>
