<annotation>
	<folder></folder>
	<filename>acne-cystic-57_jpg.rf.f80fbececa270111f44436b81cb763c4.jpg</filename>
	<path>acne-cystic-57_jpg.rf.f80fbececa270111f44436b81cb763c4.jpg</path>
	<source>
		<database>roboflow.ai</database>
	</source>
	<size>
		<width>160</width>
		<height>160</height>
		<depth>3</depth>
	</size>
	<segmented>0</segmented>
	<object>
		<name>Jerawat</name>
		<pose>Unspecified</pose>
		<truncated>0</truncated>
		<difficult>0</difficult>
		<occluded>0</occluded>
		<bndbox>
			<xmin>2</xmin>
			<xmax>9</xmax>
			<ymin>110</ymin>
			<ymax>151</ymax>
		</bndbox>
	</object>
	<object>
		<name>Jerawat</name>
		<pose>Unspecified</pose>
		<truncated>0</truncated>
		<difficult>0</difficult>
		<occluded>0</occluded>
		<bndbox>
			<xmin>46</xmin>
			<xmax>60</xmax>
			<ymin>112</ymin>
			<ymax>151</ymax>
		</bndbox>
	</object>
</annotation>
