<annotation>
	<folder></folder>
	<filename>acne-closed-comedo-2_jpg.rf.b00844842c2349975113bf0155f48c6d.jpg</filename>
	<path>acne-closed-comedo-2_jpg.rf.b00844842c2349975113bf0155f48c6d.jpg</path>
	<source>
		<database>roboflow.ai</database>
	</source>
	<size>
		<width>160</width>
		<height>160</height>
		<depth>3</depth>
	</size>
	<segmented>0</segmented>
	<object>
		<name>Komedo</name>
		<pose>Unspecified</pose>
		<truncated>0</truncated>
		<difficult>0</difficult>
		<occluded>0</occluded>
		<bndbox>
			<xmin>1</xmin>
			<xmax>28</xmax>
			<ymin>124</ymin>
			<ymax>160</ymax>
		</bndbox>
	</object>
	<object>
		<name>Jerawat</name>
		<pose>Unspecified</pose>
		<truncated>0</truncated>
		<difficult>0</difficult>
		<occluded>0</occluded>
		<bndbox>
			<xmin>38</xmin>
			<xmax>159</xmax>
			<ymin>43</ymin>
			<ymax>160</ymax>
		</bndbox>
	</object>
</annotation>
