<annotation>
	<folder></folder>
	<filename>acne-closed-comedo-7_jpg.rf.1b141e9712f52101747a7ce6eeb8b77d.jpg</filename>
	<path>acne-closed-comedo-7_jpg.rf.1b141e9712f52101747a7ce6eeb8b77d.jpg</path>
	<source>
		<database>roboflow.ai</database>
	</source>
	<size>
		<width>160</width>
		<height>160</height>
		<depth>3</depth>
	</size>
	<segmented>0</segmented>
	<object>
		<name>Komedo</name>
		<pose>Unspecified</pose>
		<truncated>0</truncated>
		<difficult>0</difficult>
		<occluded>0</occluded>
		<bndbox>
			<xmin>13</xmin>
			<xmax>53</xmax>
			<ymin>93</ymin>
			<ymax>149</ymax>
		</bndbox>
	</object>
	<object>
		<name>Komedo</name>
		<pose>Unspecified</pose>
		<truncated>0</truncated>
		<difficult>0</difficult>
		<occluded>0</occluded>
		<bndbox>
			<xmin>124</xmin>
			<xmax>142</xmax>
			<ymin>91</ymin>
			<ymax>134</ymax>
		</bndbox>
	</object>
</annotation>
