<annotation>
	<folder></folder>
	<filename>acne-cystic-97_jpg.rf.530341e26be69986b0510e0adbf2c5ae.jpg</filename>
	<path>acne-cystic-97_jpg.rf.530341e26be69986b0510e0adbf2c5ae.jpg</path>
	<source>
		<database>roboflow.ai</database>
	</source>
	<size>
		<width>160</width>
		<height>160</height>
		<depth>3</depth>
	</size>
	<segmented>0</segmented>
	<object>
		<name>Jerawat</name>
		<pose>Unspecified</pose>
		<truncated>0</truncated>
		<difficult>0</difficult>
		<occluded>0</occluded>
		<bndbox>
			<xmin>92</xmin>
			<xmax>160</xmax>
			<ymin>2</ymin>
			<ymax>115</ymax>
		</bndbox>
	</object>
	<object>
		<name>Jerawat</name>
		<pose>Unspecified</pose>
		<truncated>0</truncated>
		<difficult>0</difficult>
		<occluded>0</occluded>
		<bndbox>
			<xmin>2</xmin>
			<xmax>62</xmax>
			<ymin>69</ymin>
			<ymax>160</ymax>
		</bndbox>
	</object>
</annotation>
