<annotation>
	<folder></folder>
	<filename>acne-closed-comedo-22_jpg.rf.4e3c848b57d0ac9b6d763bcb4340fd92.jpg</filename>
	<path>acne-closed-comedo-22_jpg.rf.4e3c848b57d0ac9b6d763bcb4340fd92.jpg</path>
	<source>
		<database>roboflow.ai</database>
	</source>
	<size>
		<width>160</width>
		<height>160</height>
		<depth>3</depth>
	</size>
	<segmented>0</segmented>
	<object>
		<name>Komedo</name>
		<pose>Unspecified</pose>
		<truncated>0</truncated>
		<difficult>0</difficult>
		<occluded>0</occluded>
		<bndbox>
			<xmin>15</xmin>
			<xmax>57</xmax>
			<ymin>54</ymin>
			<ymax>94</ymax>
		</bndbox>
	</object>
	<object>
		<name>Komedo</name>
		<pose>Unspecified</pose>
		<truncated>0</truncated>
		<difficult>0</difficult>
		<occluded>0</occluded>
		<bndbox>
			<xmin>33</xmin>
			<xmax>105</xmax>
			<ymin>109</ymin>
			<ymax>161</ymax>
		</bndbox>
	</object>
	<object>
		<name>Komedo</name>
		<pose>Unspecified</pose>
		<truncated>0</truncated>
		<difficult>0</difficult>
		<occluded>0</occluded>
		<bndbox>
			<xmin>91</xmin>
			<xmax>148</xmax>
			<ymin>60</ymin>
			<ymax>140</ymax>
		</bndbox>
	</object>
</annotation>
