<annotation>
	<folder></folder>
	<filename>acne-cystic-91_jpg.rf.ae72219295624ae3aaa59a04d57594ff.jpg</filename>
	<path>acne-cystic-91_jpg.rf.ae72219295624ae3aaa59a04d57594ff.jpg</path>
	<source>
		<database>roboflow.ai</database>
	</source>
	<size>
		<width>160</width>
		<height>160</height>
		<depth>3</depth>
	</size>
	<segmented>0</segmented>
	<object>
		<name>Komedo</name>
		<pose>Unspecified</pose>
		<truncated>0</truncated>
		<difficult>0</difficult>
		<occluded>0</occluded>
		<bndbox>
			<xmin>2</xmin>
			<xmax>29</xmax>
			<ymin>103</ymin>
			<ymax>146</ymax>
		</bndbox>
	</object>
	<object>
		<name>Jerawat</name>
		<pose>Unspecified</pose>
		<truncated>0</truncated>
		<difficult>0</difficult>
		<occluded>0</occluded>
		<bndbox>
			<xmin>131</xmin>
			<xmax>160</xmax>
			<ymin>26</ymin>
			<ymax>151</ymax>
		</bndbox>
	</object>
</annotation>
