<annotation>
	<folder></folder>
	<filename>acne-cystic-43_jpg.rf.f885fac12d502d60a669fb6025e53c1f.jpg</filename>
	<path>acne-cystic-43_jpg.rf.f885fac12d502d60a669fb6025e53c1f.jpg</path>
	<source>
		<database>roboflow.ai</database>
	</source>
	<size>
		<width>160</width>
		<height>160</height>
		<depth>3</depth>
	</size>
	<segmented>0</segmented>
	<object>
		<name>Jerawat</name>
		<pose>Unspecified</pose>
		<truncated>0</truncated>
		<difficult>0</difficult>
		<occluded>0</occluded>
		<bndbox>
			<xmin>1</xmin>
			<xmax>19</xmax>
			<ymin>83</ymin>
			<ymax>144</ymax>
		</bndbox>
	</object>
	<object>
		<name>Jerawat</name>
		<pose>Unspecified</pose>
		<truncated>0</truncated>
		<difficult>0</difficult>
		<occluded>0</occluded>
		<bndbox>
			<xmin>144</xmin>
			<xmax>161</xmax>
			<ymin>144</ymin>
			<ymax>160</ymax>
		</bndbox>
	</object>
</annotation>
