<annotation>
	<folder></folder>
	<filename>acne-cystic-125_jpg.rf.fc0588f24d6f2be866e343a57cb6a873.jpg</filename>
	<path>acne-cystic-125_jpg.rf.fc0588f24d6f2be866e343a57cb6a873.jpg</path>
	<source>
		<database>roboflow.ai</database>
	</source>
	<size>
		<width>160</width>
		<height>160</height>
		<depth>3</depth>
	</size>
	<segmented>0</segmented>
	<object>
		<name>Jerawat</name>
		<pose>Unspecified</pose>
		<truncated>0</truncated>
		<difficult>0</difficult>
		<occluded>0</occluded>
		<bndbox>
			<xmin>2</xmin>
			<xmax>73</xmax>
			<ymin>1</ymin>
			<ymax>160</ymax>
		</bndbox>
	</object>
</annotation>
