<annotation>
	<folder></folder>
	<filename>acne-excoriated-10_jpg.rf.0402fe2bfede672f52caeaa921c888a7.jpg</filename>
	<path>acne-excoriated-10_jpg.rf.0402fe2bfede672f52caeaa921c888a7.jpg</path>
	<source>
		<database>roboflow.ai</database>
	</source>
	<size>
		<width>160</width>
		<height>160</height>
		<depth>3</depth>
	</size>
	<segmented>0</segmented>
	<object>
		<name>Jerawat</name>
		<pose>Unspecified</pose>
		<truncated>0</truncated>
		<difficult>0</difficult>
		<occluded>0</occluded>
		<bndbox>
			<xmin>38</xmin>
			<xmax>72</xmax>
			<ymin>51</ymin>
			<ymax>90</ymax>
		</bndbox>
	</object>
	<object>
		<name>Jerawat</name>
		<pose>Unspecified</pose>
		<truncated>0</truncated>
		<difficult>0</difficult>
		<occluded>0</occluded>
		<bndbox>
			<xmin>2</xmin>
			<xmax>30</xmax>
			<ymin>76</ymin>
			<ymax>122</ymax>
		</bndbox>
	</object>
</annotation>
