<annotation>
	<folder></folder>
	<filename>acne-cystic-122_jpg.rf.c1b441d1d2303db19d3a81aefca60fb5.jpg</filename>
	<path>acne-cystic-122_jpg.rf.c1b441d1d2303db19d3a81aefca60fb5.jpg</path>
	<source>
		<database>roboflow.ai</database>
	</source>
	<size>
		<width>160</width>
		<height>160</height>
		<depth>3</depth>
	</size>
	<segmented>0</segmented>
	<object>
		<name>Jerawat</name>
		<pose>Unspecified</pose>
		<truncated>0</truncated>
		<difficult>0</difficult>
		<occluded>0</occluded>
		<bndbox>
			<xmin>128</xmin>
			<xmax>160</xmax>
			<ymin>24</ymin>
			<ymax>45</ymax>
		</bndbox>
	</object>
	<object>
		<name>Jerawat</name>
		<pose>Unspecified</pose>
		<truncated>0</truncated>
		<difficult>0</difficult>
		<occluded>0</occluded>
		<bndbox>
			<xmin>82</xmin>
			<xmax>160</xmax>
			<ymin>53</ymin>
			<ymax>161</ymax>
		</bndbox>
	</object>
	<object>
		<name>Jerawat</name>
		<pose>Unspecified</pose>
		<truncated>0</truncated>
		<difficult>0</difficult>
		<occluded>0</occluded>
		<bndbox>
			<xmin>31</xmin>
			<xmax>92</xmax>
			<ymin>1</ymin>
			<ymax>11</ymax>
		</bndbox>
	</object>
</annotation>
