<annotation>
	<folder></folder>
	<filename>acne-cystic-27_jpg.rf.c9b9edec6eeccc9da20cc77026c5ab65.jpg</filename>
	<path>acne-cystic-27_jpg.rf.c9b9edec6eeccc9da20cc77026c5ab65.jpg</path>
	<source>
		<database>roboflow.ai</database>
	</source>
	<size>
		<width>160</width>
		<height>160</height>
		<depth>3</depth>
	</size>
	<segmented>0</segmented>
	<object>
		<name>Jerawat</name>
		<pose>Unspecified</pose>
		<truncated>0</truncated>
		<difficult>0</difficult>
		<occluded>0</occluded>
		<bndbox>
			<xmin>11</xmin>
			<xmax>39</xmax>
			<ymin>120</ymin>
			<ymax>160</ymax>
		</bndbox>
	</object>
	<object>
		<name>Jerawat</name>
		<pose>Unspecified</pose>
		<truncated>0</truncated>
		<difficult>0</difficult>
		<occluded>0</occluded>
		<bndbox>
			<xmin>124</xmin>
			<xmax>146</xmax>
			<ymin>98</ymin>
			<ymax>125</ymax>
		</bndbox>
	</object>
	<object>
		<name>Jerawat</name>
		<pose>Unspecified</pose>
		<truncated>0</truncated>
		<difficult>0</difficult>
		<occluded>0</occluded>
		<bndbox>
			<xmin>78</xmin>
			<xmax>116</xmax>
			<ymin>2</ymin>
			<ymax>35</ymax>
		</bndbox>
	</object>
</annotation>
