<annotation>
	<folder></folder>
	<filename>acne-closed-comedo-35_jpg.rf.c6dddbb59418723ac3d4ed79cc1a230f.jpg</filename>
	<path>acne-closed-comedo-35_jpg.rf.c6dddbb59418723ac3d4ed79cc1a230f.jpg</path>
	<source>
		<database>roboflow.ai</database>
	</source>
	<size>
		<width>160</width>
		<height>160</height>
		<depth>3</depth>
	</size>
	<segmented>0</segmented>
	<object>
		<name>Komedo</name>
		<pose>Unspecified</pose>
		<truncated>0</truncated>
		<difficult>0</difficult>
		<occluded>0</occluded>
		<bndbox>
			<xmin>2</xmin>
			<xmax>160</xmax>
			<ymin>1</ymin>
			<ymax>68</ymax>
		</bndbox>
	</object>
	<object>
		<name>Komedo</name>
		<pose>Unspecified</pose>
		<truncated>0</truncated>
		<difficult>0</difficult>
		<occluded>0</occluded>
		<bndbox>
			<xmin>2</xmin>
			<xmax>160</xmax>
			<ymin>109</ymin>
			<ymax>160</ymax>
		</bndbox>
	</object>
</annotation>
