<annotation>
	<folder></folder>
	<filename>acne-closed-comedo-24_jpg.rf.0a31a39db6e695d8cf54be654f32ca28.jpg</filename>
	<path>acne-closed-comedo-24_jpg.rf.0a31a39db6e695d8cf54be654f32ca28.jpg</path>
	<source>
		<database>roboflow.ai</database>
	</source>
	<size>
		<width>160</width>
		<height>160</height>
		<depth>3</depth>
	</size>
	<segmented>0</segmented>
	<object>
		<name>Komedo</name>
		<pose>Unspecified</pose>
		<truncated>0</truncated>
		<difficult>0</difficult>
		<occluded>0</occluded>
		<bndbox>
			<xmin>1</xmin>
			<xmax>17</xmax>
			<ymin>50</ymin>
			<ymax>71</ymax>
		</bndbox>
	</object>
</annotation>
