<annotation>
	<folder></folder>
	<filename>acne-closed-comedo-19_jpg.rf.13d6e24665a6e9119fd39f0c69bcbe8d.jpg</filename>
	<path>acne-closed-comedo-19_jpg.rf.13d6e24665a6e9119fd39f0c69bcbe8d.jpg</path>
	<source>
		<database>roboflow.ai</database>
	</source>
	<size>
		<width>160</width>
		<height>160</height>
		<depth>3</depth>
	</size>
	<segmented>0</segmented>
	<object>
		<name>Jerawat</name>
		<pose>Unspecified</pose>
		<truncated>0</truncated>
		<difficult>0</difficult>
		<occluded>0</occluded>
		<bndbox>
			<xmin>2</xmin>
			<xmax>50</xmax>
			<ymin>50</ymin>
			<ymax>113</ymax>
		</bndbox>
	</object>
</annotation>
