<annotation>
	<folder></folder>
	<filename>acne-closed-comedo-35_jpg.rf.ca77afcb7afe8ca632efcd601bc115b8.jpg</filename>
	<path>acne-closed-comedo-35_jpg.rf.ca77afcb7afe8ca632efcd601bc115b8.jpg</path>
	<source>
		<database>roboflow.ai</database>
	</source>
	<size>
		<width>160</width>
		<height>160</height>
		<depth>3</depth>
	</size>
	<segmented>0</segmented>
	<object>
		<name>Komedo</name>
		<pose>Unspecified</pose>
		<truncated>0</truncated>
		<difficult>0</difficult>
		<occluded>0</occluded>
		<bndbox>
			<xmin>1</xmin>
			<xmax>68</xmax>
			<ymin>2</ymin>
			<ymax>160</ymax>
		</bndbox>
	</object>
	<object>
		<name>Komedo</name>
		<pose>Unspecified</pose>
		<truncated>0</truncated>
		<difficult>0</difficult>
		<occluded>0</occluded>
		<bndbox>
			<xmin>109</xmin>
			<xmax>160</xmax>
			<ymin>2</ymin>
			<ymax>160</ymax>
		</bndbox>
	</object>
</annotation>
