<annotation>
	<folder></folder>
	<filename>acne-closed-comedo-32_jpg.rf.4ea9fe6f35ad76af2ce25099a9417a9a.jpg</filename>
	<path>acne-closed-comedo-32_jpg.rf.4ea9fe6f35ad76af2ce25099a9417a9a.jpg</path>
	<source>
		<database>roboflow.ai</database>
	</source>
	<size>
		<width>160</width>
		<height>160</height>
		<depth>3</depth>
	</size>
	<segmented>0</segmented>
	<object>
		<name>Komedo</name>
		<pose>Unspecified</pose>
		<truncated>0</truncated>
		<difficult>0</difficult>
		<occluded>0</occluded>
		<bndbox>
			<xmin>88</xmin>
			<xmax>160</xmax>
			<ymin>58</ymin>
			<ymax>130</ymax>
		</bndbox>
	</object>
	<object>
		<name>Komedo</name>
		<pose>Unspecified</pose>
		<truncated>0</truncated>
		<difficult>0</difficult>
		<occluded>0</occluded>
		<bndbox>
			<xmin>24</xmin>
			<xmax>110</xmax>
			<ymin>135</ymin>
			<ymax>160</ymax>
		</bndbox>
	</object>
</annotation>
