<annotation>
	<folder></folder>
	<filename>acne-cystic-88_jpg.rf.1e0db339abc13a4e521d4ade09a760b4.jpg</filename>
	<path>acne-cystic-88_jpg.rf.1e0db339abc13a4e521d4ade09a760b4.jpg</path>
	<source>
		<database>roboflow.ai</database>
	</source>
	<size>
		<width>160</width>
		<height>160</height>
		<depth>3</depth>
	</size>
	<segmented>0</segmented>
	<object>
		<name>Jerawat</name>
		<pose>Unspecified</pose>
		<truncated>0</truncated>
		<difficult>0</difficult>
		<occluded>0</occluded>
		<bndbox>
			<xmin>134</xmin>
			<xmax>160</xmax>
			<ymin>116</ymin>
			<ymax>160</ymax>
		</bndbox>
	</object>
</annotation>
