<annotation>
	<folder></folder>
	<filename>acne-cystic-124_jpg.rf.095a1fa9fe98293a036258ddf160d7d0.jpg</filename>
	<path>acne-cystic-124_jpg.rf.095a1fa9fe98293a036258ddf160d7d0.jpg</path>
	<source>
		<database>roboflow.ai</database>
	</source>
	<size>
		<width>160</width>
		<height>160</height>
		<depth>3</depth>
	</size>
	<segmented>0</segmented>
	<object>
		<name>Jerawat</name>
		<pose>Unspecified</pose>
		<truncated>0</truncated>
		<difficult>0</difficult>
		<occluded>0</occluded>
		<bndbox>
			<xmin>133</xmin>
			<xmax>160</xmax>
			<ymin>93</ymin>
			<ymax>130</ymax>
		</bndbox>
	</object>
</annotation>
