<annotation>
	<folder></folder>
	<filename>acne-Closed-Comedo_jpg.rf.8b46d3bb6bbf82e8237e955d93aca1ca.jpg</filename>
	<path>acne-Closed-Comedo_jpg.rf.8b46d3bb6bbf82e8237e955d93aca1ca.jpg</path>
	<source>
		<database>roboflow.ai</database>
	</source>
	<size>
		<width>160</width>
		<height>160</height>
		<depth>3</depth>
	</size>
	<segmented>0</segmented>
	<object>
		<name>Komedo</name>
		<pose>Unspecified</pose>
		<truncated>0</truncated>
		<difficult>0</difficult>
		<occluded>0</occluded>
		<bndbox>
			<xmin>40</xmin>
			<xmax>97</xmax>
			<ymin>18</ymin>
			<ymax>64</ymax>
		</bndbox>
	</object>
	<object>
		<name>Komedo</name>
		<pose>Unspecified</pose>
		<truncated>0</truncated>
		<difficult>0</difficult>
		<occluded>0</occluded>
		<bndbox>
			<xmin>61</xmin>
			<xmax>160</xmax>
			<ymin>94</ymin>
			<ymax>160</ymax>
		</bndbox>
	</object>
</annotation>
