<annotation>
	<folder></folder>
	<filename>acne-cystic-86_jpg.rf.86a090a9893058c48e5b8459f31715de.jpg</filename>
	<path>acne-cystic-86_jpg.rf.86a090a9893058c48e5b8459f31715de.jpg</path>
	<source>
		<database>roboflow.ai</database>
	</source>
	<size>
		<width>160</width>
		<height>160</height>
		<depth>3</depth>
	</size>
	<segmented>0</segmented>
	<object>
		<name>Jerawat</name>
		<pose>Unspecified</pose>
		<truncated>0</truncated>
		<difficult>0</difficult>
		<occluded>0</occluded>
		<bndbox>
			<xmin>86</xmin>
			<xmax>124</xmax>
			<ymin>54</ymin>
			<ymax>100</ymax>
		</bndbox>
	</object>
	<object>
		<name>Jerawat</name>
		<pose>Unspecified</pose>
		<truncated>0</truncated>
		<difficult>0</difficult>
		<occluded>0</occluded>
		<bndbox>
			<xmin>32</xmin>
			<xmax>102</xmax>
			<ymin>25</ymin>
			<ymax>59</ymax>
		</bndbox>
	</object>
</annotation>
