<annotation>
	<folder></folder>
	<filename>acne-cystic-106_jpg.rf.a1b613ed574b3da3efccb42a13019250.jpg</filename>
	<path>acne-cystic-106_jpg.rf.a1b613ed574b3da3efccb42a13019250.jpg</path>
	<source>
		<database>roboflow.ai</database>
	</source>
	<size>
		<width>160</width>
		<height>160</height>
		<depth>3</depth>
	</size>
	<segmented>0</segmented>
	<object>
		<name>Jerawat</name>
		<pose>Unspecified</pose>
		<truncated>0</truncated>
		<difficult>0</difficult>
		<occluded>0</occluded>
		<bndbox>
			<xmin>116</xmin>
			<xmax>160</xmax>
			<ymin>82</ymin>
			<ymax>159</ymax>
		</bndbox>
	</object>
	<object>
		<name>Komedo</name>
		<pose>Unspecified</pose>
		<truncated>0</truncated>
		<difficult>0</difficult>
		<occluded>0</occluded>
		<bndbox>
			<xmin>8</xmin>
			<xmax>71</xmax>
			<ymin>96</ymin>
			<ymax>147</ymax>
		</bndbox>
	</object>
	<object>
		<name>Jerawat</name>
		<pose>Unspecified</pose>
		<truncated>0</truncated>
		<difficult>0</difficult>
		<occluded>0</occluded>
		<bndbox>
			<xmin>70</xmin>
			<xmax>140</xmax>
			<ymin>2</ymin>
			<ymax>62</ymax>
		</bndbox>
	</object>
</annotation>
