<annotation>
	<folder></folder>
	<filename>acne-closed-comedo-23_jpg.rf.cfe15a2747595aae2eff47f43819e2cc.jpg</filename>
	<path>acne-closed-comedo-23_jpg.rf.cfe15a2747595aae2eff47f43819e2cc.jpg</path>
	<source>
		<database>roboflow.ai</database>
	</source>
	<size>
		<width>160</width>
		<height>160</height>
		<depth>3</depth>
	</size>
	<segmented>0</segmented>
	<object>
		<name>Jerawat</name>
		<pose>Unspecified</pose>
		<truncated>0</truncated>
		<difficult>0</difficult>
		<occluded>0</occluded>
		<bndbox>
			<xmin>6</xmin>
			<xmax>65</xmax>
			<ymin>73</ymin>
			<ymax>160</ymax>
		</bndbox>
	</object>
</annotation>
