<annotation>
	<folder></folder>
	<filename>acne-excoriated-15_jpg.rf.51a34c8447f913d3f306918e8df2500c.jpg</filename>
	<path>acne-excoriated-15_jpg.rf.51a34c8447f913d3f306918e8df2500c.jpg</path>
	<source>
		<database>roboflow.ai</database>
	</source>
	<size>
		<width>160</width>
		<height>160</height>
		<depth>3</depth>
	</size>
	<segmented>0</segmented>
	<object>
		<name>Jerawat</name>
		<pose>Unspecified</pose>
		<truncated>0</truncated>
		<difficult>0</difficult>
		<occluded>0</occluded>
		<bndbox>
			<xmin>1</xmin>
			<xmax>160</xmax>
			<ymin>2</ymin>
			<ymax>86</ymax>
		</bndbox>
	</object>
	<object>
		<name>Jerawat</name>
		<pose>Unspecified</pose>
		<truncated>0</truncated>
		<difficult>0</difficult>
		<occluded>0</occluded>
		<bndbox>
			<xmin>72</xmin>
			<xmax>160</xmax>
			<ymin>62</ymin>
			<ymax>118</ymax>
		</bndbox>
	</object>
</annotation>
