<annotation>
	<folder></folder>
	<filename>acne-closed-comedo-2_jpg.rf.dcec5cab903d37cec67686280b1f64da.jpg</filename>
	<path>acne-closed-comedo-2_jpg.rf.dcec5cab903d37cec67686280b1f64da.jpg</path>
	<source>
		<database>roboflow.ai</database>
	</source>
	<size>
		<width>160</width>
		<height>160</height>
		<depth>3</depth>
	</size>
	<segmented>0</segmented>
	<object>
		<name>Komedo</name>
		<pose>Unspecified</pose>
		<truncated>0</truncated>
		<difficult>0</difficult>
		<occluded>0</occluded>
		<bndbox>
			<xmin>135</xmin>
			<xmax>160</xmax>
			<ymin>1</ymin>
			<ymax>39</ymax>
		</bndbox>
	</object>
	<object>
		<name>Jerawat</name>
		<pose>Unspecified</pose>
		<truncated>0</truncated>
		<difficult>0</difficult>
		<occluded>0</occluded>
		<bndbox>
			<xmin>4</xmin>
			<xmax>124</xmax>
			<ymin>1</ymin>
			<ymax>119</ymax>
		</bndbox>
	</object>
</annotation>
