<annotation>
	<folder></folder>
	<filename>acne-cystic-39_jpg.rf.a9ed3a5b3074f193f2215e77b055c145.jpg</filename>
	<path>acne-cystic-39_jpg.rf.a9ed3a5b3074f193f2215e77b055c145.jpg</path>
	<source>
		<database>roboflow.ai</database>
	</source>
	<size>
		<width>160</width>
		<height>160</height>
		<depth>3</depth>
	</size>
	<segmented>0</segmented>
	<object>
		<name>Jerawat</name>
		<pose>Unspecified</pose>
		<truncated>0</truncated>
		<difficult>0</difficult>
		<occluded>0</occluded>
		<bndbox>
			<xmin>63</xmin>
			<xmax>139</xmax>
			<ymin>2</ymin>
			<ymax>47</ymax>
		</bndbox>
	</object>
	<object>
		<name>Jerawat</name>
		<pose>Unspecified</pose>
		<truncated>0</truncated>
		<difficult>0</difficult>
		<occluded>0</occluded>
		<bndbox>
			<xmin>2</xmin>
			<xmax>10</xmax>
			<ymin>64</ymin>
			<ymax>104</ymax>
		</bndbox>
	</object>
	<object>
		<name>Komedo</name>
		<pose>Unspecified</pose>
		<truncated>0</truncated>
		<difficult>0</difficult>
		<occluded>0</occluded>
		<bndbox>
			<xmin>43</xmin>
			<xmax>53</xmax>
			<ymin>117</ymin>
			<ymax>151</ymax>
		</bndbox>
	</object>
	<object>
		<name>Komedo</name>
		<pose>Unspecified</pose>
		<truncated>0</truncated>
		<difficult>0</difficult>
		<occluded>0</occluded>
		<bndbox>
			<xmin>64</xmin>
			<xmax>84</xmax>
			<ymin>143</ymin>
			<ymax>161</ymax>
		</bndbox>
	</object>
</annotation>
