<annotation>
	<folder></folder>
	<filename>acne-cystic-127_jpg.rf.33a73af09aa746be376a719b6dc19800.jpg</filename>
	<path>acne-cystic-127_jpg.rf.33a73af09aa746be376a719b6dc19800.jpg</path>
	<source>
		<database>roboflow.ai</database>
	</source>
	<size>
		<width>160</width>
		<height>160</height>
		<depth>3</depth>
	</size>
	<segmented>0</segmented>
	<object>
		<name>Jerawat</name>
		<pose>Unspecified</pose>
		<truncated>0</truncated>
		<difficult>0</difficult>
		<occluded>0</occluded>
		<bndbox>
			<xmin>94</xmin>
			<xmax>123</xmax>
			<ymin>99</ymin>
			<ymax>125</ymax>
		</bndbox>
	</object>
	<object>
		<name>Jerawat</name>
		<pose>Unspecified</pose>
		<truncated>0</truncated>
		<difficult>0</difficult>
		<occluded>0</occluded>
		<bndbox>
			<xmin>2</xmin>
			<xmax>24</xmax>
			<ymin>39</ymin>
			<ymax>104</ymax>
		</bndbox>
	</object>
</annotation>
