<annotation>
	<folder></folder>
	<filename>acne-closed-comedo-6_jpg.rf.e403f47527638e23207f81cf71c65eab.jpg</filename>
	<path>acne-closed-comedo-6_jpg.rf.e403f47527638e23207f81cf71c65eab.jpg</path>
	<source>
		<database>roboflow.ai</database>
	</source>
	<size>
		<width>160</width>
		<height>160</height>
		<depth>3</depth>
	</size>
	<segmented>0</segmented>
	<object>
		<name>Komedo</name>
		<pose>Unspecified</pose>
		<truncated>0</truncated>
		<difficult>0</difficult>
		<occluded>0</occluded>
		<bndbox>
			<xmin>1</xmin>
			<xmax>14</xmax>
			<ymin>110</ymin>
			<ymax>158</ymax>
		</bndbox>
	</object>
	<object>
		<name>Komedo</name>
		<pose>Unspecified</pose>
		<truncated>0</truncated>
		<difficult>0</difficult>
		<occluded>0</occluded>
		<bndbox>
			<xmin>98</xmin>
			<xmax>130</xmax>
			<ymin>94</ymin>
			<ymax>126</ymax>
		</bndbox>
	</object>
</annotation>
