<annotation>
	<folder></folder>
	<filename>acne-cystic-88_jpg.rf.b612eed9516bbb97a7579c5979577396.jpg</filename>
	<path>acne-cystic-88_jpg.rf.b612eed9516bbb97a7579c5979577396.jpg</path>
	<source>
		<database>roboflow.ai</database>
	</source>
	<size>
		<width>160</width>
		<height>160</height>
		<depth>3</depth>
	</size>
	<segmented>0</segmented>
	<object>
		<name>Jerawat</name>
		<pose>Unspecified</pose>
		<truncated>0</truncated>
		<difficult>0</difficult>
		<occluded>0</occluded>
		<bndbox>
			<xmin>1</xmin>
			<xmax>46</xmax>
			<ymin>134</ymin>
			<ymax>160</ymax>
		</bndbox>
	</object>
</annotation>
