<annotation>
	<folder></folder>
	<filename>acne-cystic-111_jpg.rf.047317f41dc3ca5e828f59e781f2ea97.jpg</filename>
	<path>acne-cystic-111_jpg.rf.047317f41dc3ca5e828f59e781f2ea97.jpg</path>
	<source>
		<database>roboflow.ai</database>
	</source>
	<size>
		<width>160</width>
		<height>160</height>
		<depth>3</depth>
	</size>
	<segmented>0</segmented>
	<object>
		<name>Komedo</name>
		<pose>Unspecified</pose>
		<truncated>0</truncated>
		<difficult>0</difficult>
		<occluded>0</occluded>
		<bndbox>
			<xmin>1</xmin>
			<xmax>60</xmax>
			<ymin>11</ymin>
			<ymax>89</ymax>
		</bndbox>
	</object>
	<object>
		<name>Komedo</name>
		<pose>Unspecified</pose>
		<truncated>0</truncated>
		<difficult>0</difficult>
		<occluded>0</occluded>
		<bndbox>
			<xmin>7</xmin>
			<xmax>78</xmax>
			<ymin>90</ymin>
			<ymax>160</ymax>
		</bndbox>
	</object>
</annotation>
