<annotation>
	<folder></folder>
	<filename>acne-excoriated-15_jpg.rf.113296b7c6c6700c8caef85fa94f654d.jpg</filename>
	<path>acne-excoriated-15_jpg.rf.113296b7c6c6700c8caef85fa94f654d.jpg</path>
	<source>
		<database>roboflow.ai</database>
	</source>
	<size>
		<width>160</width>
		<height>160</height>
		<depth>3</depth>
	</size>
	<segmented>0</segmented>
	<object>
		<name>Jerawat</name>
		<pose>Unspecified</pose>
		<truncated>0</truncated>
		<difficult>0</difficult>
		<occluded>0</occluded>
		<bndbox>
			<xmin>1</xmin>
			<xmax>160</xmax>
			<ymin>77</ymin>
			<ymax>161</ymax>
		</bndbox>
	</object>
	<object>
		<name>Jerawat</name>
		<pose>Unspecified</pose>
		<truncated>0</truncated>
		<difficult>0</difficult>
		<occluded>0</occluded>
		<bndbox>
			<xmin>72</xmin>
			<xmax>160</xmax>
			<ymin>44</ymin>
			<ymax>100</ymax>
		</bndbox>
	</object>
</annotation>
