<annotation>
	<folder></folder>
	<filename>acne-closed-comedo-5_jpg.rf.9f2ba9b18a03455a3d5b06608eee7d4e.jpg</filename>
	<path>acne-closed-comedo-5_jpg.rf.9f2ba9b18a03455a3d5b06608eee7d4e.jpg</path>
	<source>
		<database>roboflow.ai</database>
	</source>
	<size>
		<width>160</width>
		<height>160</height>
		<depth>3</depth>
	</size>
	<segmented>0</segmented>
	<object>
		<name>Komedo</name>
		<pose>Unspecified</pose>
		<truncated>0</truncated>
		<difficult>0</difficult>
		<occluded>0</occluded>
		<bndbox>
			<xmin>106</xmin>
			<xmax>143</xmax>
			<ymin>1</ymin>
			<ymax>24</ymax>
		</bndbox>
	</object>
	<object>
		<name>Komedo</name>
		<pose>Unspecified</pose>
		<truncated>0</truncated>
		<difficult>0</difficult>
		<occluded>0</occluded>
		<bndbox>
			<xmin>1</xmin>
			<xmax>47</xmax>
			<ymin>1</ymin>
			<ymax>68</ymax>
		</bndbox>
	</object>
	<object>
		<name>Jerawat</name>
		<pose>Unspecified</pose>
		<truncated>0</truncated>
		<difficult>0</difficult>
		<occluded>0</occluded>
		<bndbox>
			<xmin>56</xmin>
			<xmax>103</xmax>
			<ymin>15</ymin>
			<ymax>67</ymax>
		</bndbox>
	</object>
	<object>
		<name>Komedo</name>
		<pose>Unspecified</pose>
		<truncated>0</truncated>
		<difficult>0</difficult>
		<occluded>0</occluded>
		<bndbox>
			<xmin>138</xmin>
			<xmax>160</xmax>
			<ymin>101</ymin>
			<ymax>143</ymax>
		</bndbox>
	</object>
	<object>
		<name>Komedo</name>
		<pose>Unspecified</pose>
		<truncated>0</truncated>
		<difficult>0</difficult>
		<occluded>0</occluded>
		<bndbox>
			<xmin>1</xmin>
			<xmax>64</xmax>
			<ymin>122</ymin>
			<ymax>160</ymax>
		</bndbox>
	</object>
</annotation>
