<annotation>
	<folder></folder>
	<filename>acne-closed-comedo-10_jpg.rf.f322122e9dcddc16765e263ec6b6866e.jpg</filename>
	<path>acne-closed-comedo-10_jpg.rf.f322122e9dcddc16765e263ec6b6866e.jpg</path>
	<source>
		<database>roboflow.ai</database>
	</source>
	<size>
		<width>160</width>
		<height>160</height>
		<depth>3</depth>
	</size>
	<segmented>0</segmented>
	<object>
		<name>Komedo</name>
		<pose>Unspecified</pose>
		<truncated>0</truncated>
		<difficult>0</difficult>
		<occluded>0</occluded>
		<bndbox>
			<xmin>118</xmin>
			<xmax>148</xmax>
			<ymin>2</ymin>
			<ymax>17</ymax>
		</bndbox>
	</object>
	<object>
		<name>Komedo</name>
		<pose>Unspecified</pose>
		<truncated>0</truncated>
		<difficult>0</difficult>
		<occluded>0</occluded>
		<bndbox>
			<xmin>42</xmin>
			<xmax>118</xmax>
			<ymin>1</ymin>
			<ymax>33</ymax>
		</bndbox>
	</object>
	<object>
		<name>Komedo</name>
		<pose>Unspecified</pose>
		<truncated>0</truncated>
		<difficult>0</difficult>
		<occluded>0</occluded>
		<bndbox>
			<xmin>2</xmin>
			<xmax>41</xmax>
			<ymin>97</ymin>
			<ymax>140</ymax>
		</bndbox>
	</object>
	<object>
		<name>Komedo</name>
		<pose>Unspecified</pose>
		<truncated>0</truncated>
		<difficult>0</difficult>
		<occluded>0</occluded>
		<bndbox>
			<xmin>119</xmin>
			<xmax>161</xmax>
			<ymin>95</ymin>
			<ymax>155</ymax>
		</bndbox>
	</object>
</annotation>
