<annotation>
	<folder></folder>
	<filename>acne-cystic-57_jpg.rf.3b54dfb225c6d006c1e864924bbc48b9.jpg</filename>
	<path>acne-cystic-57_jpg.rf.3b54dfb225c6d006c1e864924bbc48b9.jpg</path>
	<source>
		<database>roboflow.ai</database>
	</source>
	<size>
		<width>160</width>
		<height>160</height>
		<depth>3</depth>
	</size>
	<segmented>0</segmented>
	<object>
		<name>Jerawat</name>
		<pose>Unspecified</pose>
		<truncated>0</truncated>
		<difficult>0</difficult>
		<occluded>0</occluded>
		<bndbox>
			<xmin>154</xmin>
			<xmax>161</xmax>
			<ymin>11</ymin>
			<ymax>52</ymax>
		</bndbox>
	</object>
	<object>
		<name>Jerawat</name>
		<pose>Unspecified</pose>
		<truncated>0</truncated>
		<difficult>0</difficult>
		<occluded>0</occluded>
		<bndbox>
			<xmin>102</xmin>
			<xmax>117</xmax>
			<ymin>11</ymin>
			<ymax>50</ymax>
		</bndbox>
	</object>
</annotation>
