<annotation>
	<folder></folder>
	<filename>acne-cystic-29_jpg.rf.68fe0fb215d48273980ea0fa7b54fb46.jpg</filename>
	<path>acne-cystic-29_jpg.rf.68fe0fb215d48273980ea0fa7b54fb46.jpg</path>
	<source>
		<database>roboflow.ai</database>
	</source>
	<size>
		<width>160</width>
		<height>160</height>
		<depth>3</depth>
	</size>
	<segmented>0</segmented>
	<object>
		<name>Jerawat</name>
		<pose>Unspecified</pose>
		<truncated>0</truncated>
		<difficult>0</difficult>
		<occluded>0</occluded>
		<bndbox>
			<xmin>48</xmin>
			<xmax>97</xmax>
			<ymin>60</ymin>
			<ymax>131</ymax>
		</bndbox>
	</object>
</annotation>
