<annotation>
	<folder></folder>
	<filename>acne-cystic-45_jpg.rf.9ae2266767ffb4b441d90620ff0d41a1.jpg</filename>
	<path>acne-cystic-45_jpg.rf.9ae2266767ffb4b441d90620ff0d41a1.jpg</path>
	<source>
		<database>roboflow.ai</database>
	</source>
	<size>
		<width>160</width>
		<height>160</height>
		<depth>3</depth>
	</size>
	<segmented>0</segmented>
	<object>
		<name>Jerawat</name>
		<pose>Unspecified</pose>
		<truncated>0</truncated>
		<difficult>0</difficult>
		<occluded>0</occluded>
		<bndbox>
			<xmin>73</xmin>
			<xmax>122</xmax>
			<ymin>149</ymin>
			<ymax>160</ymax>
		</bndbox>
	</object>
	<object>
		<name>Jerawat</name>
		<pose>Unspecified</pose>
		<truncated>0</truncated>
		<difficult>0</difficult>
		<occluded>0</occluded>
		<bndbox>
			<xmin>95</xmin>
			<xmax>129</xmax>
			<ymin>2</ymin>
			<ymax>30</ymax>
		</bndbox>
	</object>
</annotation>
