<annotation>
	<folder></folder>
	<filename>acne-cystic-124_jpg.rf.086c49d87c24b861196c32c7fd8038a9.jpg</filename>
	<path>acne-cystic-124_jpg.rf.086c49d87c24b861196c32c7fd8038a9.jpg</path>
	<source>
		<database>roboflow.ai</database>
	</source>
	<size>
		<width>160</width>
		<height>160</height>
		<depth>3</depth>
	</size>
	<segmented>0</segmented>
	<object>
		<name>Jerawat</name>
		<pose>Unspecified</pose>
		<truncated>0</truncated>
		<difficult>0</difficult>
		<occluded>0</occluded>
		<bndbox>
			<xmin>33</xmin>
			<xmax>69</xmax>
			<ymin>1</ymin>
			<ymax>29</ymax>
		</bndbox>
	</object>
</annotation>
