<annotation>
	<folder></folder>
	<filename>acne-cystic-29_jpg.rf.81504169d3bbe8fc615a1e483807accd.jpg</filename>
	<path>acne-cystic-29_jpg.rf.81504169d3bbe8fc615a1e483807accd.jpg</path>
	<source>
		<database>roboflow.ai</database>
	</source>
	<size>
		<width>160</width>
		<height>160</height>
		<depth>3</depth>
	</size>
	<segmented>0</segmented>
	<object>
		<name>Jerawat</name>
		<pose>Unspecified</pose>
		<truncated>0</truncated>
		<difficult>0</difficult>
		<occluded>0</occluded>
		<bndbox>
			<xmin>32</xmin>
			<xmax>103</xmax>
			<ymin>66</ymin>
			<ymax>115</ymax>
		</bndbox>
	</object>
</annotation>
