<annotation>
	<folder></folder>
	<filename>acne-cystic-45_jpg.rf.47b96afeb3ec9aff70ad66e484d85e34.jpg</filename>
	<path>acne-cystic-45_jpg.rf.47b96afeb3ec9aff70ad66e484d85e34.jpg</path>
	<source>
		<database>roboflow.ai</database>
	</source>
	<size>
		<width>160</width>
		<height>160</height>
		<depth>3</depth>
	</size>
	<segmented>0</segmented>
	<object>
		<name>Jerawat</name>
		<pose>Unspecified</pose>
		<truncated>0</truncated>
		<difficult>0</difficult>
		<occluded>0</occluded>
		<bndbox>
			<xmin>1</xmin>
			<xmax>13</xmax>
			<ymin>41</ymin>
			<ymax>89</ymax>
		</bndbox>
	</object>
	<object>
		<name>Jerawat</name>
		<pose>Unspecified</pose>
		<truncated>0</truncated>
		<difficult>0</difficult>
		<occluded>0</occluded>
		<bndbox>
			<xmin>132</xmin>
			<xmax>160</xmax>
			<ymin>33</ymin>
			<ymax>67</ymax>
		</bndbox>
	</object>
</annotation>
