<annotation>
	<folder></folder>
	<filename>acne-cystic-86_jpg.rf.881261923a002d88315a168ebe9eb7a1.jpg</filename>
	<path>acne-cystic-86_jpg.rf.881261923a002d88315a168ebe9eb7a1.jpg</path>
	<source>
		<database>roboflow.ai</database>
	</source>
	<size>
		<width>160</width>
		<height>160</height>
		<depth>3</depth>
	</size>
	<segmented>0</segmented>
	<object>
		<name>Jerawat</name>
		<pose>Unspecified</pose>
		<truncated>0</truncated>
		<difficult>0</difficult>
		<occluded>0</occluded>
		<bndbox>
			<xmin>54</xmin>
			<xmax>100</xmax>
			<ymin>86</ymin>
			<ymax>124</ymax>
		</bndbox>
	</object>
	<object>
		<name>Jerawat</name>
		<pose>Unspecified</pose>
		<truncated>0</truncated>
		<difficult>0</difficult>
		<occluded>0</occluded>
		<bndbox>
			<xmin>24</xmin>
			<xmax>59</xmax>
			<ymin>32</ymin>
			<ymax>102</ymax>
		</bndbox>
	</object>
</annotation>
