<annotation>
	<folder></folder>
	<filename>acne-closed-comedo-23_jpg.rf.76049513f19218fee2a0dc343c54f09b.jpg</filename>
	<path>acne-closed-comedo-23_jpg.rf.76049513f19218fee2a0dc343c54f09b.jpg</path>
	<source>
		<database>roboflow.ai</database>
	</source>
	<size>
		<width>160</width>
		<height>160</height>
		<depth>3</depth>
	</size>
	<segmented>0</segmented>
	<object>
		<name>Jerawat</name>
		<pose>Unspecified</pose>
		<truncated>0</truncated>
		<difficult>0</difficult>
		<occluded>0</occluded>
		<bndbox>
			<xmin>6</xmin>
			<xmax>64</xmax>
			<ymin>1</ymin>
			<ymax>89</ymax>
		</bndbox>
	</object>
</annotation>
