<annotation>
	<folder></folder>
	<filename>acne-closed-comedo-32_jpg.rf.edaed8e33f1496827b6a555dd33dcd25.jpg</filename>
	<path>acne-closed-comedo-32_jpg.rf.edaed8e33f1496827b6a555dd33dcd25.jpg</path>
	<source>
		<database>roboflow.ai</database>
	</source>
	<size>
		<width>160</width>
		<height>160</height>
		<depth>3</depth>
	</size>
	<segmented>0</segmented>
	<object>
		<name>Komedo</name>
		<pose>Unspecified</pose>
		<truncated>0</truncated>
		<difficult>0</difficult>
		<occluded>0</occluded>
		<bndbox>
			<xmin>58</xmin>
			<xmax>130</xmax>
			<ymin>88</ymin>
			<ymax>160</ymax>
		</bndbox>
	</object>
	<object>
		<name>Komedo</name>
		<pose>Unspecified</pose>
		<truncated>0</truncated>
		<difficult>0</difficult>
		<occluded>0</occluded>
		<bndbox>
			<xmin>135</xmin>
			<xmax>160</xmax>
			<ymin>24</ymin>
			<ymax>111</ymax>
		</bndbox>
	</object>
</annotation>
