<annotation>
	<folder></folder>
	<filename>acne-closed-comedo-8_jpg.rf.563bc273521d961097462f2cdd4850b3.jpg</filename>
	<path>acne-closed-comedo-8_jpg.rf.563bc273521d961097462f2cdd4850b3.jpg</path>
	<source>
		<database>roboflow.ai</database>
	</source>
	<size>
		<width>160</width>
		<height>160</height>
		<depth>3</depth>
	</size>
	<segmented>0</segmented>
	<object>
		<name>Komedo</name>
		<pose>Unspecified</pose>
		<truncated>0</truncated>
		<difficult>0</difficult>
		<occluded>0</occluded>
		<bndbox>
			<xmin>102</xmin>
			<xmax>160</xmax>
			<ymin>2</ymin>
			<ymax>157</ymax>
		</bndbox>
	</object>
	<object>
		<name>Komedo</name>
		<pose>Unspecified</pose>
		<truncated>0</truncated>
		<difficult>0</difficult>
		<occluded>0</occluded>
		<bndbox>
			<xmin>2</xmin>
			<xmax>50</xmax>
			<ymin>2</ymin>
			<ymax>151</ymax>
		</bndbox>
	</object>
</annotation>
