<annotation>
	<folder></folder>
	<filename>acne-closed-comedo-17_jpg.rf.c44fe9497d5666851495ce36f77c0492.jpg</filename>
	<path>acne-closed-comedo-17_jpg.rf.c44fe9497d5666851495ce36f77c0492.jpg</path>
	<source>
		<database>roboflow.ai</database>
	</source>
	<size>
		<width>160</width>
		<height>160</height>
		<depth>3</depth>
	</size>
	<segmented>0</segmented>
	<object>
		<name>Komedo</name>
		<pose>Unspecified</pose>
		<truncated>0</truncated>
		<difficult>0</difficult>
		<occluded>0</occluded>
		<bndbox>
			<xmin>12</xmin>
			<xmax>71</xmax>
			<ymin>46</ymin>
			<ymax>133</ymax>
		</bndbox>
	</object>
	<object>
		<name>Komedo</name>
		<pose>Unspecified</pose>
		<truncated>0</truncated>
		<difficult>0</difficult>
		<occluded>0</occluded>
		<bndbox>
			<xmin>117</xmin>
			<xmax>161</xmax>
			<ymin>57</ymin>
			<ymax>161</ymax>
		</bndbox>
	</object>
</annotation>
