<annotation>
	<folder></folder>
	<filename>acne-cystic-92_jpg.rf.894918683a2a2ebefb1321129ca743cd.jpg</filename>
	<path>acne-cystic-92_jpg.rf.894918683a2a2ebefb1321129ca743cd.jpg</path>
	<source>
		<database>roboflow.ai</database>
	</source>
	<size>
		<width>160</width>
		<height>160</height>
		<depth>3</depth>
	</size>
	<segmented>0</segmented>
	<object>
		<name>Jerawat</name>
		<pose>Unspecified</pose>
		<truncated>0</truncated>
		<difficult>0</difficult>
		<occluded>0</occluded>
		<bndbox>
			<xmin>87</xmin>
			<xmax>160</xmax>
			<ymin>80</ymin>
			<ymax>161</ymax>
		</bndbox>
	</object>
</annotation>
