<annotation>
	<folder></folder>
	<filename>acne-excoriated-11_jpg.rf.353f3b417e71933d8c5cb699f37f0494.jpg</filename>
	<path>acne-excoriated-11_jpg.rf.353f3b417e71933d8c5cb699f37f0494.jpg</path>
	<source>
		<database>roboflow.ai</database>
	</source>
	<size>
		<width>160</width>
		<height>160</height>
		<depth>3</depth>
	</size>
	<segmented>0</segmented>
	<object>
		<name>Jerawat</name>
		<pose>Unspecified</pose>
		<truncated>0</truncated>
		<difficult>0</difficult>
		<occluded>0</occluded>
		<bndbox>
			<xmin>49</xmin>
			<xmax>161</xmax>
			<ymin>2</ymin>
			<ymax>76</ymax>
		</bndbox>
	</object>
	<object>
		<name>Jerawat</name>
		<pose>Unspecified</pose>
		<truncated>0</truncated>
		<difficult>0</difficult>
		<occluded>0</occluded>
		<bndbox>
			<xmin>2</xmin>
			<xmax>56</xmax>
			<ymin>2</ymin>
			<ymax>39</ymax>
		</bndbox>
	</object>
</annotation>
