<annotation>
	<folder></folder>
	<filename>acne-cystic-140_jpg.rf.f32397a937f4006625a5d10aa660cc5f.jpg</filename>
	<path>acne-cystic-140_jpg.rf.f32397a937f4006625a5d10aa660cc5f.jpg</path>
	<source>
		<database>roboflow.ai</database>
	</source>
	<size>
		<width>160</width>
		<height>160</height>
		<depth>3</depth>
	</size>
	<segmented>0</segmented>
	<object>
		<name>Jerawat</name>
		<pose>Unspecified</pose>
		<truncated>0</truncated>
		<difficult>0</difficult>
		<occluded>0</occluded>
		<bndbox>
			<xmin>2</xmin>
			<xmax>16</xmax>
			<ymin>58</ymin>
			<ymax>116</ymax>
		</bndbox>
	</object>
</annotation>
