<annotation>
	<folder></folder>
	<filename>acne-cystic-92_jpg.rf.12129fe3686ca371aaa59056b9d12c3b.jpg</filename>
	<path>acne-cystic-92_jpg.rf.12129fe3686ca371aaa59056b9d12c3b.jpg</path>
	<source>
		<database>roboflow.ai</database>
	</source>
	<size>
		<width>160</width>
		<height>160</height>
		<depth>3</depth>
	</size>
	<segmented>0</segmented>
	<object>
		<name>Jerawat</name>
		<pose>Unspecified</pose>
		<truncated>0</truncated>
		<difficult>0</difficult>
		<occluded>0</occluded>
		<bndbox>
			<xmin>2</xmin>
			<xmax>74</xmax>
			<ymin>80</ymin>
			<ymax>160</ymax>
		</bndbox>
	</object>
</annotation>
